title,url,url_id
"[LIVE] ULAMA MENYAPA - Khitah Pers, Di Tengah Pergulatan Kontestasi Pemilu 2024",https://www.youtube.com/watch?v=D_0PcmaCtn4,D_0PcmaCtn4
[LIVE] NGICIP - Kearifan Lokal Mataram,https://www.youtube.com/watch?v=0ZhzCLm7n5g,0ZhzCLm7n5g
BUSYET KAMPUS UDINUS DAN UGM KENA ROASTING COKI & MUSLIM MLI PART1 - IEL University Series,https://www.youtube.com/watch?v=p03ae1CoChM,p03ae1CoChM
PROFIL UDINUS 2020,https://www.youtube.com/watch?v=n4BrvXafPdU,n4BrvXafPdU
"AWAL MULA ""UDINUS"" - COKI & MUSLIM | ROASTING UDINUS",https://www.youtube.com/watch?v=_AEnYd2H7OU,_AEnYd2H7OU
[LIVE] Wisuda UDINUS ke-75,https://www.youtube.com/watch?v=i3c-FvX6PiY,i3c-FvX6PiY
"PEMAIN UDINUS SELALU DIHATI, DIROASTING LAGI COKI & MUSLIM PART3 - IEL University Series",https://www.youtube.com/watch?v=8dV2i27eX_w,8dV2i27eX_w
KUPAS KAMPUS - UDINUS Kampus High Class | Universitas Dian Nuswantoro,https://www.youtube.com/watch?v=XadjiyFFd1w,XadjiyFFd1w
FULL ALBUM !! KONSER DENNY CAKNAN Di UDINUS - SEMARANG 2023 | DC Music,https://www.youtube.com/watch?v=fSaebe2JjCE,fSaebe2JjCE
Universitas Dian Nuswantoro (UDINUS) I Jelajah Kampus Swasta di Semarang,https://www.youtube.com/watch?v=dgO9n0jZHpc,dgO9n0jZHpc
[VLOG] Tour UDINUS Semarang !,https://www.youtube.com/watch?v=P9UuHLfPeWs,P9UuHLfPeWs
"TOLONG BU CHELSEA JANGAN KETAT SERAGAMNYA, NANTI KITA SANG... COKI & MUSLIM - IEL University Series",https://www.youtube.com/watch?v=TkXPPHRVfqM,TkXPPHRVfqM
Denny Caknan - Crito Mustahil ( Mung ) | (Official Music Video) #albumkalihwelasku,https://www.youtube.com/watch?v=30BilwJ6bUw,30BilwJ6bUw
FULL DENNY CAKNAN - NYUNSET AMBYAR - DSEASON JEPARA 2022,https://www.youtube.com/watch?v=COd96SY3lEs,COd96SY3lEs
SEMAKIN MAHAL SEBUAH KOS AN AKAN SEMAKIN PUTIH LAMPUNYA!!! COKI & MUSLIM - IEL University Series,https://www.youtube.com/watch?v=SknWv8QLOq0,SknWv8QLOq0
"MARCO FOKUS GAME ANDA!!, COKI & MUSLIM ROASTING UDINUS PART5 - IEL University Series",https://www.youtube.com/watch?v=3oMAkn3qDeM,3oMAkn3qDeM
mau heran tapi ini Udinus #udinussmg #udinus #tehnikudinus,https://www.youtube.com/shorts/MyT8GH6egZU,MyT8GH6egZU
HYMNE UDINUS (UNIVERSITAS DIAN NUSWANTORO) with LIRIK (new version 2020),https://www.youtube.com/watch?v=t8rPcQ7kIys,t8rPcQ7kIys
KAMPUS UDINUS DI ROASTING COKI & MUSLIM MLI PART2 - IEL University Series,https://www.youtube.com/watch?v=z5bQ2BjA03A,z5bQ2BjA03A
Fasilitas di BINUS University,https://www.youtube.com/watch?v=YTjAZs3D0qo,YTjAZs3D0qo
Video Profile Telkom University 2022 - Contribute to The Nation | PTS Terbaik No.1 di Indonesia,https://www.youtube.com/watch?v=L_S6_MfAWmY,L_S6_MfAWmY
Kenapa Harus UDINUS?,https://www.youtube.com/watch?v=NYvQtdhCPdI,NYvQtdhCPdI
Si Warik - Rindukan teman setia ( animasi UDINUS) #siwarik #animasi #animasiudinus #udinus,https://www.youtube.com/watch?v=t6i_TbpGzGs,t6i_TbpGzGs
[LIVE] Inagurasi Dinus Inside 2022,https://www.youtube.com/watch?v=LBqAyhwncBU,LBqAyhwncBU
Biaya Kuliah UDINUS Semarang,https://www.youtube.com/watch?v=PGyuJ8HMWCk,PGyuJ8HMWCk
[LIVE] Pra Dinus Inside 2022 - Day 1,https://www.youtube.com/watch?v=UW_e9y5J6Kg,UW_e9y5J6Kg
Momen Akreditasi Perpustakaan Udinus Semarang,https://www.youtube.com/watch?v=kngg9JacCJE,kngg9JacCJE
KIP KULIAH UNIVERSITAS DIAN NUSWANTORO 2022,https://www.youtube.com/watch?v=6aSSdA_dokg,6aSSdA_dokg
Udinus Dagelan Kocakü§£ #fyp #tiktok #viral #shorts #udinus #dinus #semarang #dinusdagelan #dagelan,https://www.youtube.com/shorts/LuorXoCGLOE,LuorXoCGLOE
KUPAS KAMPUS - REVIEW GEDUNG PARKIRAN BARU UDINUS | UNIVERSITAS DIAN NUSWANTORO,https://www.youtube.com/watch?v=z-mFkPkcZxI,z-mFkPkcZxI
MARS UDINUS with LIRIK v2020,https://www.youtube.com/watch?v=QJsxBzBRpLA,QJsxBzBRpLA
AFTERMOVIE OPEN RECRUITMENT HMKM UDINUS 2022,https://www.youtube.com/watch?v=p7ho7xKWs_8,p7ho7xKWs_8
Dari Admisi Udinus Untuk Calon Dinusian,https://www.youtube.com/watch?v=bRSqSccAyIg,bRSqSccAyIg
[LIVE] Pembukaan Dinus Inside 2022,https://www.youtube.com/watch?v=ZxEeh0PMPlY,ZxEeh0PMPlY
Profile Udinus 2018,https://www.youtube.com/watch?v=5jSNO7OnLWQ,5jSNO7OnLWQ
PMB UDINUS Semarang 2022,https://www.youtube.com/watch?v=jcr4yGR7o1Y,jcr4yGR7o1Y
Gabut bangett tiba-tiba diajakin ke UDINUS | Random Vlog Daily,https://www.youtube.com/watch?v=jf6VnwtkRQQ,jf6VnwtkRQQ
Denny Caknan Di Udinus Semarang,https://www.youtube.com/watch?v=D_eDxu25V34,D_eDxu25V34
Fasilitas Kampus Terbaik di Jawa Tengah | Udinus Semarang.,https://www.youtube.com/watch?v=vsxSNdr1EIU,vsxSNdr1EIU
Tipe Mahasiswa UDINUS,https://www.youtube.com/shorts/6D59t1QkROQ,6D59t1QkROQ
Robot Karya Udinus Digunakan Dunia Industri,https://www.youtube.com/watch?v=gselupszoMk,gselupszoMk
"Daily Vlog #6 : Graduation's UDINUS 2022 ""Menjadi Wisudawan Terbaik Jurusan Broadcasting!""",https://www.youtube.com/watch?v=5lAFhNxzPTY,5lAFhNxzPTY
Sekitar Kampus UDINUS Semarang,https://www.youtube.com/watch?v=gFd7UPvypyE,gFd7UPvypyE
TUTORIAL AKTIVASI EMAIL MAHASISWA UDINUS & SIADIN MAHASISWA 2021,https://www.youtube.com/watch?v=-6kBVluAMbY,-6kBVluAMbY
UDINUS Full Pecah üî•üî• #udinus #semarang #jawatengah #dennycaknan #shorts #short,https://www.youtube.com/shorts/IdTUaOv4GHo,IdTUaOv4GHo
5 Tempat Makan & Nongkrong Dekat UDINUS Harganya Murah Banyak Diskon Buat Mahasiswa!!!,https://www.youtube.com/watch?v=eArLVZq9X90,eArLVZq9X90
Pengalaman Kuliah DKV UDINUS Semarang (DESAIN KOMUNIKASI VISUAL 2015 - 2019),https://www.youtube.com/watch?v=_jsHfgBGyqs,_jsHfgBGyqs
Selayang Pandang Dari Rooftop UDINUS,https://www.youtube.com/shorts/-wXuFQHNzKA,-wXuFQHNzKA
Biro FTV Udinus Tayangkan Tiga Film Pendek Komedi,https://www.youtube.com/watch?v=oUyKWJDthd0,oUyKWJDthd0
Kreatif! Dosen Udinus dan IPB Ciptakan Robot Pemetik Melon,https://www.youtube.com/watch?v=I6b8KnZhmtQ,I6b8KnZhmtQ
Dinus Inside 2019 .... Serunya jadi Mahasiswa Baru UDINUS,https://www.youtube.com/watch?v=vG3gmP1YTuk,vG3gmP1YTuk
Udinus Targetkan Akreditasi Unggul di Semua Program Studi,https://www.youtube.com/watch?v=aNP_NlsK0Ps,aNP_NlsK0Ps
Udinus Gelar Refreshing Kepemimpinan Tahun 2022,https://www.youtube.com/watch?v=k9Xt_GbByYE,k9Xt_GbByYE
BIKIN TERHARU! DENNY CAKNAN NYANYI KALIH WELASKU MENJIWAI BANGET LIVE UDINUS SEMARANG,https://www.youtube.com/watch?v=6ZWFTLARDIs,6ZWFTLARDIs
PROFIL UPT PERPUSTAKAAN UDINUS SEMARANG,https://www.youtube.com/watch?v=lVB0nPWps6c,lVB0nPWps6c
Video Dokumentasi Kegiatan P3K Fkes Udinus 2020,https://www.youtube.com/watch?v=_325JI7eII8,_325JI7eII8
[LIVE] Pra Dinus Inside 2022 - Day 2,https://www.youtube.com/watch?v=LDfpXPat4js,LDfpXPat4js
[LIVE] Dinus Inside 2022 FIK - DAY - 3 (GUEST STAR GE PAMUNGKAS),https://www.youtube.com/watch?v=cnWh_IekpLE,cnWh_IekpLE
Udinus Luluskan 1165 Wisudawan Unggulan di Wisuda Ke-75,https://www.youtube.com/watch?v=SUWE7onDCDE,SUWE7onDCDE
24 Tim Adu Skill Dalam Lomba Futsal UKM Sepak Bola Udinus,https://www.youtube.com/watch?v=LvDUzo2qWrY,LvDUzo2qWrY
Profil Teknik Elektro UDINUS,https://www.youtube.com/watch?v=LFMupLNYhCo,LFMupLNYhCo
"Dilaunching, Robot Catur Pertama di Indonesia Buatan Udinus Kalahkan Pecatur Internasional",https://www.youtube.com/watch?v=ckQ344fGFdg,ckQ344fGFdg
FAKTA UNIK DARI UNIVERSITAS DIAN NUSWANTORO (UDINUS) SEMARANG #UDINUS #BINUS #UPH #universitastrisak,https://www.youtube.com/watch?v=WixzDIrYL8Y,WixzDIrYL8Y
"Sinergi Prestasi, PSIS dan Udinus",https://www.youtube.com/watch?v=RqJR70TRVcI,RqJR70TRVcI
‚ÄúTIRTANADI‚Äù - PPK ORMAWA HMM UDINUS,https://www.youtube.com/watch?v=nj3P1ANV_ew,nj3P1ANV_ew
Gimana Rasanya Kuliah di Teknik Industri UDINUS?,https://www.youtube.com/watch?v=xP5LNPwMYr4,xP5LNPwMYr4
[LIVE] Pra Dinus Inside 2022 - Day 3,https://www.youtube.com/watch?v=5y1IzbXhGuI,5y1IzbXhGuI
Inside of Animasi Udinus,https://www.youtube.com/watch?v=RTI1KONmH58,RTI1KONmH58
Udinus Profile Campus,https://www.youtube.com/watch?v=iZrq_njuU9c,iZrq_njuU9c
"JKT48 Team J Bunkasai Udinus, Semarang 16-02-2020 FANCAM",https://www.youtube.com/watch?v=0CVIbCD1qmk,0CVIbCD1qmk
WISUDA KE-66 & 67 UNIVERSITAS DIAN NUSWANTORO,https://www.youtube.com/watch?v=9Y45vQLAgBU,9Y45vQLAgBU
GAMELAN UDINUS TAMPIL DI UNESCO,https://www.youtube.com/watch?v=E1o-pf_KWM8,E1o-pf_KWM8
"Tingkatkan Positive Journalism, OPPAL Bidik Mahasiswa Udinus",https://www.youtube.com/watch?v=MscWa81fRy0,MscWa81fRy0
Mahasiswa Animasi Udinus Pukau Audiens Lewat Seni Animasi,https://www.youtube.com/watch?v=lMJlRH5sOjM,lMJlRH5sOjM
Lamborghini centenario di udinus semarang #viral #trend #trending #viralkan #udinus #semarang #like,https://www.youtube.com/shorts/liG5gMgvoCE,liG5gMgvoCE
[LIVE] WISUDA KE 76 UNIVERSITAS DIAN NUSWANTORO,https://www.youtube.com/watch?v=ixCKILB-9Fc,ixCKILB-9Fc
ROBOT CATUR BUATAN UDINUS SEMARANG KALAHKAN ATLET CATUR,https://www.youtube.com/watch?v=Kty_6VrIvyA,Kty_6VrIvyA
[LIVE] Pembekalan Calon Wisudawan Udinus ke-75,https://www.youtube.com/watch?v=iWLOGdXWe5I,iWLOGdXWe5I
261 Calon Wisudawan D3 RMIK Udinus Ikuti Sumpah Profesi,https://www.youtube.com/watch?v=wZ7KEx4oP1k,wZ7KEx4oP1k
Program Studi Teknik Industri UDINUS,https://www.youtube.com/watch?v=kIcm_7Zl5vc,kIcm_7Zl5vc
Mahasiswa Fakultas Kesehatan Udinus Mulai Jalani PBL 1,https://www.youtube.com/watch?v=MM-L0hPN39I,MM-L0hPN39I
[HYMNE UDINUS]MABA UDINUS WAJIB HAFAL,https://www.youtube.com/watch?v=J76DNO3cjaY,J76DNO3cjaY
OSPEK UDINUS HEBOH!!! Mahasiswa Baru Universitas Dian Nuswantoro TERGUNCANG di Dinus Inside 2016,https://www.youtube.com/watch?v=0mhMtuDgJrU,0mhMtuDgJrU
Tari Bedoyo Nuswantara l Tim E-GamelanKU UDINUS,https://www.youtube.com/watch?v=Qiw5tib7Y7o,Qiw5tib7Y7o
Robot Catur Udinus dengan Artificial Intelligence,https://www.youtube.com/watch?v=LGRviKsG3Bg,LGRviKsG3Bg
Perjalanan UDINUS gedung H sampai gedung D,https://www.youtube.com/watch?v=KQ5gIqjCP-c,KQ5gIqjCP-c
Yuk Menyisir Burjo di Sekitar UDINUS ! Nasi Goreng Magelangan jadi Menu Favorit di Burjo Sari Asik 2,https://www.youtube.com/watch?v=2iw9XSgvhaE,2iw9XSgvhaE
Heal The World (14 Choir Generations) - Gita Dian Nuswa Choir - Udinus,https://www.youtube.com/watch?v=DmQKjjlXElk,DmQKjjlXElk
Tata Cara Input Presensi di Kulino UDINUS,https://www.youtube.com/watch?v=EfcRKugK2hY,EfcRKugK2hY
Keliling udinus Gedung H,https://www.youtube.com/watch?v=sR9IqT3eoLY,sR9IqT3eoLY
Live Konser SENOXX | Mendadak Seneng Goyang | UDINUS 2021,https://www.youtube.com/watch?v=rXuAwc9dbF4,rXuAwc9dbF4
[LIVE] OPPAL - ILKOM UDINUS - Positive Journalism,https://www.youtube.com/watch?v=Mm1knuwUhuE,Mm1knuwUhuE
"REKTOR UDINUS, PROF. EDI NOERSASONGKO, SANG MAESTRO LAHIRNYA TELEVISI PENDIDIKAN",https://www.youtube.com/watch?v=iNbj_rx3uJ4,iNbj_rx3uJ4
Udinus Sambut Mahasiswa Program Pertukaran Mahasiswa Merdeka,https://www.youtube.com/watch?v=-5EcGTLa0kY,-5EcGTLa0kY
EGAMELAN UDINUS WAKILI INDONESIA DI UNESCO,https://www.youtube.com/watch?v=KjoVtMNup-E,KjoVtMNup-E
5 Film Pendek Karya Mahasiswa FTV Udinus Raih Juara,https://www.youtube.com/watch?v=Gz5fu73Spqk,Gz5fu73Spqk
PAMER BOJO CENDOL DAWET Senoxxx Official At UDINUS !!! Dinus Inside 2019,https://www.youtube.com/watch?v=8HvA5xJMOtc,8HvA5xJMOtc
[LIVE] Dinus Inside 2022 FIK - DAY - 1,https://www.youtube.com/watch?v=tIrKUleH7hg,tIrKUleH7hg
WISUDA KE-66 & 67 UNIVERSITAS DIAN NUSWANTORO,https://www.youtube.com/watch?v=lq0vxxRpDnQ,lq0vxxRpDnQ
Keliling Udinus Gedung G & H ‚ú®‚ú® (Tugas B.indonesia Bahasa Semi Formal),https://www.youtube.com/watch?v=P8VLOR7LWUQ,P8VLOR7LWUQ
Dandim 0733 Kota Semarang Suntik Semangat Kebangsaan Mahasiswa Baru Udinus,https://www.youtube.com/watch?v=okSt3on0JK8,okSt3on0JK8
SOSIALISASI PMMB BATCH II UDINUS - 2021,https://www.youtube.com/watch?v=PqO-TJP-Lss,PqO-TJP-Lss
Lokasi Syuting Iklan UDINUS,https://www.youtube.com/watch?v=jyiRJc0mhks,jyiRJc0mhks
PRATAMA ARHAN DAPAT BEASISWA DARI UDINUS,https://www.youtube.com/watch?v=aPzIqBVT7HM,aPzIqBVT7HM
Final SMA PERATURAN 2022 | UDINUS PENCAK SILATCHAMPIONSHIP,https://www.youtube.com/watch?v=RMODNBHasPA,RMODNBHasPA
"Belajar Perhotelan, SMK N 1 Bawen Kunjungi Udinus",https://www.youtube.com/watch?v=Pjr3-NCaDoE,Pjr3-NCaDoE
Testimoni Alumni Teknik INDUSTRI UDINUS,https://www.youtube.com/watch?v=v7LNASEO-7w,v7LNASEO-7w
[LIVE] WISUDA KE-74 UNIVERSITAS DIAN NUSWANTORO,https://www.youtube.com/watch?v=z-KS7qxTrcQ,z-KS7qxTrcQ
Tugas Matrikulasi - Promosi Fakultas Ilmu Komputer (FIK) UDINUS,https://www.youtube.com/watch?v=X-r7aW6_8OY,X-r7aW6_8OY
"MIMPI ARHAN YANG TERWUJUD - KULIAH UDINUS, PACAR MANIS, DAN BERPRESTASI...!!",https://www.youtube.com/watch?v=-OOiIoNJeVw,-OOiIoNJeVw
Team J - Rapsodi @Udinus,https://www.youtube.com/watch?v=DBLYTlaQuf8,DBLYTlaQuf8
Profil Dosen dan Karyawan FEB UDINUS,https://www.youtube.com/watch?v=_UhS4NTEwdo,_UhS4NTEwdo
Mahasiswi Kembar Udinus Lulus Cumlaude Wisuda Bersama,https://www.youtube.com/watch?v=svrnXJJKqeA,svrnXJJKqeA
Yakali UDINUS ga punya parkiran ? üòÖ,https://www.youtube.com/shorts/ChQObYsTMrM,ChQObYsTMrM
Valorant Scrim Campus with UDINUS Esport Community,https://www.youtube.com/watch?v=lMooohLtduU,lMooohLtduU
Udinus Kembali Luluskan 892 Wisudawan Unggulan,https://www.youtube.com/watch?v=-9CWLfhvcRg,-9CWLfhvcRg
RUTE KE KAMPUS UDINUS SEMARANG,https://www.youtube.com/watch?v=we_UA8bIC6U,we_UA8bIC6U
[LIVE] WISUDA UDINUS KE-72,https://www.youtube.com/watch?v=efuHFHUGWYY,efuHFHUGWYY
Mahasiswa Ilkom Udinus Gelar Art Performance dan Exhibition Fotografi,https://www.youtube.com/watch?v=f5Z6_gm0rPw,f5Z6_gm0rPw
Try out pencak silat Undip vs Udinus persiapan pomprov jateng,https://www.youtube.com/watch?v=O-__SZlONxA,O-__SZlONxA
Podcast Teapot Series 1 - Kehidupan Anak Teknik Informatika Udinus,https://www.youtube.com/watch?v=gT3LXREATmI,gT3LXREATmI
Video Profil Biro Prodi Manajemen Udinus Kediri,https://www.youtube.com/watch?v=kIrPzkYkxKc,kIrPzkYkxKc
BIMBINGAN SKRIPSI di UDINUS Prodi Teknik Informatika #alightmotion #computerscience #struggle #clip,https://www.youtube.com/shorts/tNsL8b0RHTU,tNsL8b0RHTU
FILLER WISUDA UDINUS 74,https://www.youtube.com/watch?v=SH2qEg2Lka0,SH2qEg2Lka0
LIMA Basket Kaskus CJYC (Semarang): UDINUS vs UNNES (Men's Final),https://www.youtube.com/watch?v=ZkdqxHhz6sY,ZkdqxHhz6sY
Cara Membuat dan Aktivasi Student Blog Mahasiswa UDINUS 2017,https://www.youtube.com/watch?v=FfeLF6GRTo4,FfeLF6GRTo4
[LIVE] Apresiasi UDINUS Untuk Atlet Indonesia Bersama Pratama Arhan,https://www.youtube.com/watch?v=RjC4T8m8g5Q,RjC4T8m8g5Q
Udinus Jalin Kerjasama Dengan Klub Voli Sukun Badak,https://www.youtube.com/watch?v=urzNdsKlLQs,urzNdsKlLQs
VIRTUAL JOBFAIR 3 UDINUS,https://www.youtube.com/watch?v=-kPrAhoVx4k,-kPrAhoVx4k
[FULL FANCAM] JKT48 TEAM J @ Bunkasai UDINUS Semarang 160220,https://www.youtube.com/watch?v=Y9Ht8JuqleA,Y9Ht8JuqleA
Penutupan Dinusfest 2023 Ajang Unjuk Karya Seni Mahasiswa Udinus,https://www.youtube.com/watch?v=8e3SlaOWX9U,8e3SlaOWX9U
Bunkasai Udinus 2020 - Kyoto Hanafubuki Aftermovie | Hikari Udinus Official Channel,https://www.youtube.com/watch?v=jxVCPuMIgPg,jxVCPuMIgPg
NGICIP ON THE STREET - PENGELOLAAN PERHOTELAN UDINUS - SEG 1,https://www.youtube.com/watch?v=4pyf5g5Mwro,4pyf5g5Mwro
"Malam Inagurasi 2018 "" UKM MUSIK UDINUS """,https://www.youtube.com/watch?v=jAVXqVkNBo0,jAVXqVkNBo0
VLOG LKMM-TD 2022 - BEM FEB UDINUS,https://www.youtube.com/watch?v=shrXlavniJo,shrXlavniJo
KKL S1 Akuntansi UDINUS Surabaya - Bali 2019,https://www.youtube.com/watch?v=moZo_qWgZhM,moZo_qWgZhM
Wisuda 66 Fakultas Teknik UDINUS,https://www.youtube.com/watch?v=-KLFNMFOrbw,-KLFNMFOrbw
PMK UDINUS - Tinggi NamaMu di Puji x Aku di Berkati | DINUS INSIDE 2020,https://www.youtube.com/watch?v=K9skQZWE4Fo,K9skQZWE4Fo
UKM Musik Udinus live streaming Session-1,https://www.youtube.com/watch?v=KOxJUFfe7D0,KOxJUFfe7D0
Udinus Ciptakan Robot Catur Pertama di Indonesia,https://www.youtube.com/watch?v=A-tywEWGWnA,A-tywEWGWnA
[LIVE] WISUDA UDINUS KE-73,https://www.youtube.com/watch?v=Fbf1FHTU9Pk,Fbf1FHTU9Pk
Dokumentasi praktik UAS fotografi 2 PSDKU Udinus Kediri,https://www.youtube.com/watch?v=hTo4IR5Gy-M,hTo4IR5Gy-M
After Movie Bunkasai Udinus 2019,https://www.youtube.com/watch?v=UoOqA3zDJN8,UoOqA3zDJN8
[LIVE] Khataman Alquran Online UDINUS Putaran ke - 210,https://www.youtube.com/watch?v=3qcWvzXSEx8,3qcWvzXSEx8
"PROGRAM STUDI BAHASA INGGRIS FIB UDINUS, UNGGUL DI BIDANG BUDAYA, BAHASA, DAN SASTRA INGGRIS",https://www.youtube.com/watch?v=Pd1EVoiK-jg,Pd1EVoiK-jg
CAMPUS CORNER - UKM Catur Udinus Raih Prestasi di Kejuaraan Tingkat Nasional - Seg 5,https://www.youtube.com/watch?v=LBA20YsAw88,LBA20YsAw88
Mahasiswa UDINUS Ciptakan Alat Pendeteksi Diabetes,https://www.youtube.com/watch?v=J3TOpPEHLFc,J3TOpPEHLFc
DINUS INSIDE MABA 2021 BIRO UMUM UDINUS,https://www.youtube.com/watch?v=DCs2vJGJUmg,DCs2vJGJUmg
BEHIND THE SCENE WISUDAKU | WISUDA UDINUS KE 75,https://www.youtube.com/watch?v=MTUrhl29FCU,MTUrhl29FCU
Tongkrongan Murah Favorit Mahasiswa UDINUS #shorts,https://www.youtube.com/watch?v=zt78rwrI1Ek,zt78rwrI1Ek
"Gara-Gara Jual Foto Selfi, Ghozali Mahasiswa Udinus! Mendadak Milyader!!!",https://www.youtube.com/watch?v=bdQe-JWdQpc,bdQe-JWdQpc
[LIVE] MATRIKULASI UDINUS 2021 - Day 1,https://www.youtube.com/watch?v=sgTIOpbwve8,sgTIOpbwve8
QF UNIKA CUP II ZUFAR (UNNES) VS PATRIK SIMSON (UDINUS),https://www.youtube.com/watch?v=DHQNS1mRj74,DHQNS1mRj74
Mahasiswa FTV Udinus Pamerkan Hasil Karya Tugas Akhir,https://www.youtube.com/watch?v=lE6HhDvrJ00,lE6HhDvrJ00
PORSIMAPTAR English Competition Speech - Yolanda Marcela Binambuni - Udinus,https://www.youtube.com/watch?v=6OYVgM6S_uU,6OYVgM6S_uU
Jurit Nuswantoro - UDINUS,https://www.youtube.com/watch?v=EAxjJKNG_h8,EAxjJKNG_h8
Udinus Sport Centerüëç #shorts #short #udinus #sportcenter #semarang,https://www.youtube.com/shorts/_uCEahddGXQ,_uCEahddGXQ
"PECAAAHHH !!! ANJI BAWAKAN LAGU ""DIA"" || LIVE UDINUS (Dinus Night Festival) Semarang",https://www.youtube.com/watch?v=gfD8pHrvrhs,gfD8pHrvrhs
Robot Pengangkut Udinus Digunakan Untuk Industri,https://www.youtube.com/watch?v=xXU8JS-SxlI,xXU8JS-SxlI
ABDIDAYA PPK ORMAWA 2022 - DPM FKES UDINUS - PEMBERDAYAAN KAMPUNG JAMU WONOLOPO,https://www.youtube.com/watch?v=VmMg9TbFjlE,VmMg9TbFjlE
Udinus Raih Hibah Matching Fund Kedaireka Senilai Rp 8 M,https://www.youtube.com/watch?v=HaYScS7egLo,HaYScS7egLo
CAMPUS CORNER - Alumni UDINUS Yang Kembali ke Indonesia Dan Jadi Dosen Di UDINUS - SEG 5,https://www.youtube.com/watch?v=ylt72CrUYnk,ylt72CrUYnk
VIDEO PROFIL PPK ORMAWA HIMPUNAN MAHASISWA SISTEM INFORMASI UDINUS 2022,https://www.youtube.com/watch?v=fMPoiZ7DPdc,fMPoiZ7DPdc
Tim Voli Udinus Tantang Sukun Badak di Laga Persahabatan,https://www.youtube.com/watch?v=HMGslk8Fi1U,HMGslk8Fi1U
DINUS INSIDE FAKULTAS KESEHATAN 2022 - DAY 3,https://www.youtube.com/watch?v=IRqNVIlfSBk,IRqNVIlfSBk
"Keren! Robot Karya Udinus Mulai Dipakai di Industri Tekstil, Bantu Kerja Lebih Efisien",https://www.youtube.com/watch?v=Lo3gdveMXzk,Lo3gdveMXzk
Kunjungan Mahasiswa Udinus ke Polrestabes Semarang serta pengenalan aplikasi LIBAS 14/11,https://www.youtube.com/watch?v=wWE-TW0Qt4Y,wWE-TW0Qt4Y
KUPAS KAMPUS - Outfit Mahasiswa UDINUS | Universitas Dian Nuswantoro,https://www.youtube.com/watch?v=_j_odNoYMFs,_j_odNoYMFs
UKM Basket Udinus Raih 3 Juara di Ajang Walikota Cup #DinusFMonScreen Eps 30,https://www.youtube.com/watch?v=qrL-60BQRSw,qrL-60BQRSw
SALTO SUKSES FINAL Yossy (Final) UNISRI vs UDINUS POMPROV Taekwondo Jawa Tengah 2022 // U 58 Kg,https://www.youtube.com/watch?v=DquISxArE5w,DquISxArE5w
4157 Mahasiswa Baru Udinus Ikuti Dinus Inside,https://www.youtube.com/watch?v=A_btXzuo4LY,A_btXzuo4LY
Pakem Cup 2022 Semarang || Govita Vs Udinus,https://www.youtube.com/watch?v=SpQZcN1cpTQ,SpQZcN1cpTQ
CAMPUS CORNER - Perubahan Prodi Sastra Inggris ke Bahasa Inggris UDINUS - SEG 4,https://www.youtube.com/watch?v=QPQzJ8ONxk4,QPQzJ8ONxk4
Wadahi Pro Player E-Sport Udinus Kediri Menggelar Turnamen Mobile Legend Terbesar,https://www.youtube.com/watch?v=UdStzdkpMQs,UdStzdkpMQs
Udinus Jaring Masukan Dari Dunia Industri,https://www.youtube.com/watch?v=rpSJXT-_DZM,rpSJXT-_DZM
Pengabdian Masyarakat Anak 2021 - HMKM UDINUS,https://www.youtube.com/watch?v=xCEstObCjO8,xCEstObCjO8
MABA UDINUS DITEKANKAN HARUS BERKARAKTER,https://www.youtube.com/watch?v=PGSSDYRZ0Rs,PGSSDYRZ0Rs
CAMPUS CORNER - Prodi D 4 Animasi UDINUS Produksi Film SI WARIK - SEG 1,https://www.youtube.com/watch?v=eYaVKaoZNHs,eYaVKaoZNHs
Layanan Terbaru Perpustakaan UDINUS,https://www.youtube.com/watch?v=3yLdQYET_ck,3yLdQYET_ck
Cokelat Bendera (Cover by Anggota UKM Musik UDINUS 2013 dan 2014),https://www.youtube.com/watch?v=n3NyoWI-vFY,n3NyoWI-vFY
UNIVERSITAS DIAN NUSWANTORO - UDINUS TIKTOK AWARD #shorts,https://www.youtube.com/shorts/Vxx5mvnQ8bE,Vxx5mvnQ8bE
[LIVE] NGICIP - Kearifan Lokal Mataram,https://www.youtube.com/watch?v=0ZhzCLm7n5g,0ZhzCLm7n5g
Dijual Rumah dan Kos Kosan dekat Kampus Udinus Semarang üòç #rumahsemarang #rumahsiaphuni #koskosan,https://www.youtube.com/shorts/GmmPphnYMW4,GmmPphnYMW4
MAHASISWA UDINUS PENERIMA BEASISWA KIP JALANI PEMANTAUAN,https://www.youtube.com/watch?v=ligMZChFoHc,ligMZChFoHc
PROSES STERILISASI MAJT MENGGUNAKAN ROBOT BUATAN MAHASISWA UDINUS,https://www.youtube.com/watch?v=4Azi-y8A5vo,4Azi-y8A5vo
Udinus Ikut Bangga Atas Prestasi Gemilang Pratama Arhan,https://www.youtube.com/watch?v=IUoIyZsHqi0,IUoIyZsHqi0
FGA DTS-UDINUS-Using Digital Signatures -ARIS DWI WAHYUDI,https://www.youtube.com/watch?v=o4t2wUG4zX0,o4t2wUG4zX0
HIKARI & SASTRA JEPANG UDINUS [PERIODE 2022/2023],https://www.youtube.com/watch?v=vtt2e2rP0Go,vtt2e2rP0Go
Udinus Serahkan Aplikasi Pengelolaan Sampah Sikecik Pada Bank Sampah Kelurahan Krobokan,https://www.youtube.com/watch?v=2aVM5Nsxs74,2aVM5Nsxs74
Mahasiswa Udinus Gelar Campaign Jajanan Tempo Doloe,https://www.youtube.com/watch?v=lgRYSGBO71Q,lgRYSGBO71Q
MENDUNG TANPO UDAN - NDARBOY GENK (Cover By SENOXX) INAGURASI UDINUS 2021,https://www.youtube.com/watch?v=clipfab7820,clipfab7820
AKREDITASI A UDINUS,https://www.youtube.com/watch?v=licA1gI-LhE,licA1gI-LhE
CAMPUS CORNER - Mahasiswa Dan Alumni UDINUS Menceritakan Prospek Kerja Yang Sesuai Jurusan - SEG 3,https://www.youtube.com/watch?v=WWUo36a7m2w,WWUo36a7m2w
Prodi Kesehatan Lingkungan Udinus Raih Juara 1 Esai Nasional #DinusFMonScreen Eps. 23,https://www.youtube.com/watch?v=k6PMTVTs0YY,k6PMTVTs0YY
LIVE FULL KONSER DENNY CAKNAN DI SEMARANG MALAM INI BAWAKAN KALIH WELASKU DAN CRITO MUSTAHIL!,https://www.youtube.com/watch?v=6ClarU8bnDo,6ClarU8bnDo
UDINUS LULUS DENGAN PREDIKAT CUMLAUDE,https://www.youtube.com/watch?v=bU9Qf6Mvm2s,bU9Qf6Mvm2s
Udinus Ajak Mahasiswa Baru Tanam 4000 Mangrove,https://www.youtube.com/watch?v=0Dn3c8XtzeI,0Dn3c8XtzeI
FLASHBMOB - FEB UDINUS 2018/2019,https://www.youtube.com/watch?v=B7aw_hZYU8M,B7aw_hZYU8M
KUNJUNGAN ISI SURAKARTA KE UDINUS SEMARANG,https://www.youtube.com/watch?v=pwzGYILIcxg,pwzGYILIcxg
[LIVE] Special Talkshow - Mid Year Camp Program 2022 Udinus - UMT,https://www.youtube.com/watch?v=w3-NlwyOG5Y,w3-NlwyOG5Y
SBL 2022 10 FEBRUARI UDINUS VS UKSW (PA),https://www.youtube.com/watch?v=ydPqDEeNn3M,ydPqDEeNn3M
POMPROV PENCAK SILAT JATENG 2022 | JESISCA METHA [UMS] VS NUR IZZATUN [UDINUS],https://www.youtube.com/watch?v=u9aetXskpUo,u9aetXskpUo
BUNKASAI UDINUS 2019 BAND COMPETITION - KAKU BAND #bunkasaiudinus2019,https://www.youtube.com/watch?v=bDbtn9I6-Rs,bDbtn9I6-Rs
TRETAN MUSLIM JADI MUSUH NETIZEN??? [MUSLIM & COKI] - IEL University Series,https://www.youtube.com/watch?v=yZDYxBA2gEI,yZDYxBA2gEI
HIPMI Perguruan Tinggi Udinus Resmi Dilantik,https://www.youtube.com/watch?v=EQjHUFUd-MM,EQjHUFUd-MM
Hella Rotan - PSM Gita Dian Nuswa UDINUS Semarang,https://www.youtube.com/watch?v=ij5C_TntVy8,ij5C_TntVy8
DENNY CAKNAN LIVE UDINUS SEMARANG Feat SOUNDMAN DC MUSIC Abah Andre,https://www.youtube.com/shorts/1bSDcCvAYTY,1bSDcCvAYTY
"UDINUS 10 BESAR PTS TERBAIK NASIONAL, GANJAR UCAPKAN SELAMAT",https://www.youtube.com/watch?v=Gc9JD3XArpU,Gc9JD3XArpU
Yamko Rambe Yamko (arr. Agustinus Bambang Jusana) by Gita Dian Nuswa Choir,https://www.youtube.com/watch?v=zEoH6vciix8,zEoH6vciix8
GM Susanto Megaranto Hadiri Pembukaan Turnamen Catur Online Udinus Semarang,https://www.youtube.com/watch?v=c0F_zGvZrkw,c0F_zGvZrkw
Mahasiswa Udinus Berhasil Raih Emas di Kompetisi Nasional Cartesion,https://www.youtube.com/watch?v=oMNNf3Pr0FA,oMNNf3Pr0FA
